{
    "answer": {
        "requests1": {
            "responce": [
                {
                    "docid": 5,
                    "rank": 2.5999999046325684
                },
                {
                    "docid": 2,
                    "rank": 7.099999904632568
                }
            ]
        },
        "requests2": {
            "docid": 4,
            "rank": 9.199999809265137
        }
    }
}